{"cameraMode":{"drawMode":0,"name":"Shaded","section":"Shading Mode"},"sceneLighting":true,"audioPlay":false,"sceneViewState":{"m_AlwaysRefresh":false,"showFog":true,"showSkybox":true,"showFlares":true,"showImageEffects":true,"showParticleSystems":true,"showVisualEffectGraphs":true,"m_FxEnabled":true},"in2DMode":false,"pivot":{"x":16.79612922668457,"y":5.1661224365234379,"z":-10.696502685546875},"rotation":{"x":-0.01863768883049488,"y":0.9721809029579163,"z":-0.21822510659694673,"w":-0.0830300822854042},"size":16.134851455688478,"orthographic":false}